id,observed_on,time_observed_at,captive_cultivated,latitude,longitude,iconic_taxon_name,taxon_kingdom_name,taxon_phylum_name,taxon_class_name,taxon_order_name,taxon_family_name,taxon_genus_name,taxon_species_name,taxon_subspecies_name
352189661,2026-04-24T00:00:00,2026-04-24T14:00:00,False,22.1181609076,113.5689194638,Arachnida,Animalia,Arthropoda,Arachnida,Araneae,Nephilidae,Nephila,Nephila pilipes,
352190193,2026-04-24T00:00:00,2026-04-24T14:00:00,False,22.1177068897,113.5691083048,Insecta,Animalia,Arthropoda,Insecta,Coleoptera,Cicindelidae,Cosmodela,Cosmodela aurulenta,
352325298,2026-04-24T00:00:00,2026-04-24T02:23:32,False,22.2116925103,113.5535489023,Insecta,Animalia,Arthropoda,Insecta,Hemiptera,Rhopalidae,Leptocoris,Leptocoris vicinus,
352403916,2026-04-24T00:00:00,2026-04-24T05:50:00,False,22.2009194778,113.552813977,Aves,Animalia,Chordata,Aves,Passeriformes,Pycnonotidae,Pycnonotus,Pycnonotus sinensis,
352403926,2026-04-24T00:00:00,2026-04-24T05:50:00,False,22.2008232474,113.5525809601,Aves,Animalia,Chordata,Aves,Passeriformes,Zosteropidae,Zosterops,Zosterops simplex,
352403940,2026-04-24T00:00:00,,False,22.2016340634,113.5527730733,Aves,Animalia,Chordata,Aves,Passeriformes,Passeridae,Passer,Passer montanus,
352404910,2026-04-24T00:00:00,2026-04-24T07:29:40,False,22.1627599192,113.5435606912,Aves,Animalia,Chordata,Aves,Cuculiformes,Cuculidae,Eudynamys,Eudynamys scolopaceus,
352410519,2026-04-24T00:00:00,2026-04-24T06:14:00,False,22.1997153307,113.5516711809,Insecta,Animalia,Arthropoda,Insecta,Hymenoptera,Formicidae,Tetramorium,Tetramorium bicarinatum,
352410533,2026-04-24T00:00:00,2026-04-24T06:18:00,False,22.199852737,113.5514596654,Aves,Animalia,Chordata,Aves,Passeriformes,Muscicapidae,Copsychus,Copsychus saularis,
352410534,2026-04-24T00:00:00,2026-04-24T06:20:00,False,22.199852737,113.5514596654,Aves,Animalia,Chordata,Aves,Passeriformes,Sturnidae,Gracula,Gracula religiosa,
352410535,2026-04-24T00:00:00,2026-04-24T06:20:00,False,22.199852737,113.5514596654,Aves,Animalia,Chordata,Aves,Apodiformes,Apodidae,Apus,Apus nipalensis,
352410564,2026-04-24T00:00:00,2026-04-24T06:41:00,False,22.1996066667,113.551775,Animalia,Animalia,Arthropoda,Diplopoda,Spirobolida,Pachybolidae,Trigoniulus,Trigoniulus corallinus,
352410581,2026-04-24T00:00:00,2026-04-24T06:56:00,False,22.1995183333,113.5515416667,Insecta,Animalia,Arthropoda,Insecta,Hymenoptera,Apidae,Apis,Apis cerana,
352410589,2026-04-24T00:00:00,2026-04-24T06:10:00,False,22.2002452433,113.5510490835,Aves,Animalia,Chordata,Aves,Columbiformes,Columbidae,Spilopelia,Spilopelia chinensis,
352410605,2026-04-24T00:00:00,2026-04-24T07:15:00,False,22.1992816667,113.5512466667,Arachnida,Animalia,Arthropoda,Arachnida,Araneae,Salticidae,Hasarius,Hasarius adansoni,
352410606,2026-04-24T00:00:00,2026-04-24T07:16:00,False,22.1992733333,113.5512433333,Animalia,Animalia,Platyhelminthes,,Tricladida,Geoplanidae,Platydemus,Platydemus manokwari,
352410616,2026-04-24T00:00:00,2026-04-24T06:12:00,False,22.2000996554,113.5510554537,Amphibia,Animalia,Chordata,Amphibia,Anura,Microhylidae,Kaloula,Kaloula pulchra,
352410624,2026-04-24T00:00:00,2026-04-24T06:36:00,False,22.1996573033,113.5518058017,Aves,Animalia,Chordata,Aves,Passeriformes,Cisticolidae,Orthotomus,Orthotomus sutorius,
352445805,2026-04-24T00:00:00,2026-04-24T09:26:22,False,22.1898133333,113.5375283333,Plantae,Plantae,Tracheophyta,Polypodiopsida,Polypodiales,Pteridaceae,Pteris,Pteris vittata,
352446833,2026-04-24T00:00:00,2026-04-24T10:14:00,False,22.2037882561,113.5486734166,Aves,Animalia,Chordata,Aves,Passeriformes,Passeridae,Passer,Passer montanus,
352446888,2026-04-24T00:00:00,2026-04-24T10:14:00,False,22.2037882586,113.5486734193,Plantae,Plantae,Tracheophyta,Magnoliopsida,Malpighiales,Phyllanthaceae,Phyllanthus,Phyllanthus myrtifolius,
352447147,2026-04-24T00:00:00,2026-04-24T09:32:00,False,22.2037882581,113.5486734187,Plantae,Plantae,Tracheophyta,Polypodiopsida,Schizaeales,Lygodiaceae,Lygodium,Lygodium japonicum,
352447203,2026-04-24T00:00:00,2026-04-24T10:09:00,False,22.2037882621,113.5486734229,Plantae,Plantae,Tracheophyta,Magnoliopsida,Solanales,Convolvulaceae,Ipomoea,Ipomoea mauritiana,
352447263,2026-04-24T00:00:00,2026-04-24T10:15:00,False,22.2037882657,113.5486734268,Plantae,Plantae,Tracheophyta,Magnoliopsida,Rosales,Moraceae,Fatoua,Fatoua villosa,
352447395,2026-04-24T00:00:00,2026-04-24T10:01:00,False,22.2037882514,113.5486734116,Plantae,Plantae,Tracheophyta,Magnoliopsida,Oxalidales,Oxalidaceae,Oxalis,Oxalis debilis,
352447639,2026-04-24T00:00:00,2026-04-24T09:58:00,False,22.2037882687,113.5486734299,Plantae,Plantae,Tracheophyta,Polypodiopsida,Polypodiales,Thelypteridaceae,Christella,Christella dentata,
352447725,2026-04-24T00:00:00,2026-04-24T10:17:00,False,22.2037882648,113.5486734258,Plantae,Plantae,Tracheophyta,Magnoliopsida,Malpighiales,Violaceae,Viola,Viola inconspicua,
352456787,2026-04-24T00:00:00,2026-04-24T10:52:20,False,22.1238364,113.5521611,Plantae,Plantae,Tracheophyta,Magnoliopsida,Asterales,Asteraceae,Sphagneticola,Sphagneticola trilobata,
352457058,2026-04-24T00:00:00,2026-04-24T10:53:27,False,22.120695,113.5538966667,Plantae,Plantae,Tracheophyta,Polypodiopsida,Schizaeales,Lygodiaceae,Lygodium,Lygodium japonicum,
352457832,2026-04-24T00:00:00,2026-04-24T10:56:08,False,22.1215583333,113.5535366667,Plantae,Plantae,Tracheophyta,Magnoliopsida,Malvales,Malvaceae,Microcos,Microcos paniculata,
352458446,2026-04-24T00:00:00,2026-04-24T10:58:37,False,22.1219841,113.5529476,Plantae,Plantae,Tracheophyta,Magnoliopsida,Oxalidales,Oxalidaceae,Oxalis,Oxalis debilis,
352458998,2026-04-24T00:00:00,2026-04-24T10:58:00,False,22.1266879045,113.5583550823,Mollusca,Animalia,Mollusca,Gastropoda,Stylommatophora,Ariophantidae,Megaustenia,Megaustenia imperator,
352459690,2026-04-24T00:00:00,2026-04-24T11:02:54,False,22.1244283333,113.5540716667,Plantae,Plantae,Tracheophyta,Magnoliopsida,Malpighiales,Euphorbiaceae,Macaranga,Macaranga tanarius,
352461440,2026-04-24T00:00:00,2026-04-24T11:09:56,False,22.205598,113.538921,Plantae,Plantae,Tracheophyta,Magnoliopsida,Vitales,Vitaceae,Parthenocissus,Parthenocissus dalzielii,
352461528,2026-04-24T00:00:00,2026-04-24T11:00:09,False,22.2028242036,113.5533121973,Insecta,Animalia,Arthropoda,Insecta,Neuroptera,Chrysopidae,Mallada,Mallada basalis,
352461544,2026-04-24T00:00:00,2026-04-24T11:09:30,False,22.20596746,113.53897358,Plantae,Plantae,Tracheophyta,Liliopsida,Poales,Cyperaceae,Cyperus,Cyperus rotundus,
352461740,2026-04-24T00:00:00,2026-04-24T11:10:27,False,22.2059192126,113.5390772118,Plantae,Plantae,Tracheophyta,Magnoliopsida,Asterales,Asteraceae,Emilia,Emilia sonchifolia,
352461885,2026-04-24T00:00:00,2026-04-24T11:11:26,False,22.2059346195,113.5388874384,Plantae,Plantae,Bryophyta,Bryopsida,Pottiales,Pottiaceae,Hyophila,Hyophila involuta,
352461896,2026-04-24T00:00:00,2026-04-24T11:11:14,False,22.1524868039,113.5617920226,Aves,Animalia,Chordata,Aves,Passeriformes,Acrocephalidae,Acrocephalus,Acrocephalus orientalis,
352462085,2026-04-24T00:00:00,2026-04-24T11:11:47,False,22.20598938,113.53885232,Plantae,Plantae,Tracheophyta,Liliopsida,Poales,Poaceae,Axonopus,Axonopus compressus,
352462093,2026-04-24T00:00:00,2026-04-24T11:10:05,False,22.205855,113.5389783333,Plantae,Plantae,Tracheophyta,Magnoliopsida,Caryophyllales,Amaranthaceae,Amaranthus,Amaranthus viridis,
352462105,2026-04-24T00:00:00,2026-04-24T11:10:57,False,22.205889205,113.5389325836,Plantae,Plantae,Tracheophyta,Magnoliopsida,Asterales,Asteraceae,Emilia,Emilia javanica,
352462143,2026-04-24T00:00:00,2026-04-24T11:12:04,False,22.2062076979,113.5387350619,Plantae,Plantae,Tracheophyta,Magnoliopsida,Caryophyllales,Amaranthaceae,Amaranthus,Amaranthus blitum,
352462185,2026-04-24T00:00:00,2026-04-24T11:12:08,False,22.2059162563,113.5388369695,Plantae,Plantae,Tracheophyta,Magnoliopsida,Lamiales,Plantaginaceae,Stemodia,Stemodia verticillata,
352462222,2026-04-24T00:00:00,2026-04-24T11:09:41,False,22.2062409116,113.5391075537,Plantae,Plantae,Tracheophyta,Magnoliopsida,Caryophyllales,Amaranthaceae,Amaranthus,Amaranthus viridis,
352462228,2026-04-24T00:00:00,2026-04-24T11:10:14,False,22.2059552831,113.5389316046,Plantae,Plantae,Tracheophyta,Magnoliopsida,Asterales,Asteraceae,Emilia,Emilia praetermissa,
352462235,2026-04-24T00:00:00,2026-04-24T11:11:35,False,22.20605313,113.53894643,Plantae,Plantae,Tracheophyta,Magnoliopsida,Asterales,Asteraceae,Emilia,Emilia sonchifolia,
352462300,2026-04-24T00:00:00,2026-04-24T11:12:56,False,22.2060410695,113.5387841255,Plantae,Plantae,Tracheophyta,Magnoliopsida,Rosales,Moraceae,Ficus,Ficus rumphii,
352462328,2026-04-24T00:00:00,2026-04-24T11:10:31,False,22.2058475304,113.5388219918,Plantae,Plantae,Tracheophyta,Magnoliopsida,Lamiales,Plantaginaceae,Stemodia,Stemodia verticillata,
352462362,2026-04-24T00:00:00,2026-04-24T11:11:51,False,22.2059650943,113.5388125798,Plantae,Plantae,Tracheophyta,Magnoliopsida,Asterales,Asteraceae,Emilia,Emilia praetermissa,
352462371,2026-04-24T00:00:00,2026-04-24T11:10:21,False,22.2061144882,113.5386511586,Plantae,Plantae,Tracheophyta,Magnoliopsida,Lamiales,Plantaginaceae,Stemodia,Stemodia verticillata,
352462464,2026-04-24T00:00:00,2026-04-24T11:01:12,False,22.2027996807,113.5532082617,Insecta,Animalia,Arthropoda,Insecta,Diptera,Psychodidae,Clogmia,Clogmia albipunctata,
352462513,2026-04-24T00:00:00,2026-04-24T11:12:49,False,22.2057711288,113.5389245937,Plantae,Plantae,Tracheophyta,Magnoliopsida,Asterales,Asteraceae,Emilia,Emilia sonchifolia,
352462562,2026-04-24T00:00:00,2026-04-24T11:13:40,False,22.2063206,113.5389135,Plantae,Plantae,Tracheophyta,Magnoliopsida,Lamiales,Plantaginaceae,Stemodia,Stemodia verticillata,
352462575,2026-04-24T00:00:00,2026-04-24T11:13:50,False,22.2058817863,113.5389400492,Plantae,Plantae,Tracheophyta,Liliopsida,Poales,Cyperaceae,Cyperus,Cyperus compressus,
352462640,2026-04-24T00:00:00,2026-04-24T11:13:43,False,22.2060237042,113.5389333822,Plantae,Plantae,Tracheophyta,Liliopsida,Poales,Cyperaceae,Cyperus,Cyperus rotundus,
352462750,2026-04-24T00:00:00,2026-04-24T11:13:56,False,22.2059454775,113.5387689699,Plantae,Plantae,Tracheophyta,Magnoliopsida,Lamiales,Plantaginaceae,Stemodia,Stemodia verticillata,
352462834,2026-04-24T00:00:00,2026-04-24T11:14:33,False,22.2063466667,113.538595,Plantae,Plantae,Tracheophyta,Magnoliopsida,Vitales,Vitaceae,Causonis,Causonis japonica,
352462909,2026-04-24T00:00:00,2026-04-24T11:13:55,False,22.2062593418,113.5385331006,Plantae,Plantae,Tracheophyta,Polypodiopsida,Polypodiales,Pteridaceae,Pteris,Pteris ensiformis,
352462977,2026-04-24T00:00:00,2026-04-24T11:14:34,False,22.205985346,113.5388789704,Plantae,Plantae,Bryophyta,Bryopsida,Pottiales,Pottiaceae,Hyophila,Hyophila involuta,
352462985,2026-04-24T00:00:00,2026-04-24T11:15:20,False,22.2061766667,113.5388366667,Plantae,Plantae,Tracheophyta,Magnoliopsida,Rosales,Urticaceae,Pilea,Pilea microphylla,
352463033,2026-04-24T00:00:00,2026-04-24T11:15:23,False,22.2061617574,113.5384007916,Plantae,Plantae,Tracheophyta,Liliopsida,Poales,Cyperaceae,Cyperus,Cyperus rotundus,
352463079,2026-04-24T00:00:00,2026-04-24T11:15:45,False,22.2062016372,113.5387058091,Plantae,Plantae,Tracheophyta,Magnoliopsida,Rosales,Urticaceae,Pilea,Pilea microphylla,
352463132,2026-04-24T00:00:00,2026-04-24T11:14:33,False,22.2057598453,113.5391349818,Plantae,Plantae,Bryophyta,Bryopsida,Pottiales,Pottiaceae,Hyophila,Hyophila involuta,
352463155,2026-04-24T00:00:00,2026-04-24T11:11:06,False,22.2059833333,113.5388866667,Plantae,Plantae,Tracheophyta,Magnoliopsida,Solanales,Convolvulaceae,Ipomoea,Ipomoea cairica,
352463269,2026-04-24T00:00:00,2026-04-24T11:14:35,False,22.2062966667,113.538345,Aves,Animalia,Chordata,Aves,Columbiformes,Columbidae,Columba,Columba livia,
352463281,2026-04-24T00:00:00,2026-04-24T11:16:43,False,22.2059848912,113.5388401436,Insecta,Animalia,Arthropoda,Insecta,Hymenoptera,Formicidae,Anoplolepis,Anoplolepis gracilipes,
352463304,2026-04-24T00:00:00,2026-04-24T11:16:41,False,22.206235,113.5388783333,Plantae,Plantae,Tracheophyta,Magnoliopsida,Lamiales,Plantaginaceae,Plantago,Plantago asiatica,
352463416,2026-04-24T00:00:00,2026-04-24T11:01:46,False,22.2027996807,113.5532082617,Insecta,Animalia,Arthropoda,Insecta,Lepidoptera,Erebidae,Orvasca,Orvasca subnotata,
352463628,2026-04-24T00:00:00,2026-04-24T11:17:27,False,22.2059979459,113.5388376809,Plantae,Plantae,Tracheophyta,Magnoliopsida,Caryophyllales,Amaranthaceae,Amaranthus,Amaranthus blitum,
352463690,2026-04-24T00:00:00,2026-04-24T11:16:03,False,22.2058112258,113.538846811,Plantae,Plantae,Tracheophyta,Magnoliopsida,Caryophyllales,Amaranthaceae,Amaranthus,Amaranthus blitum,
352463802,2026-04-24T00:00:00,2026-04-24T11:15:37,False,22.2056549327,113.5390506107,Plantae,Plantae,Tracheophyta,Magnoliopsida,Brassicales,Cleomaceae,Cleome,Cleome gynandra,
352463900,2026-04-24T00:00:00,2026-04-24T11:14:09,False,22.2060341988,113.5388940844,Plantae,Plantae,Bryophyta,Bryopsida,Pottiales,Pottiaceae,Hyophila,Hyophila involuta,
352463908,2026-04-24T00:00:00,2026-04-24T11:18:24,False,22.20619542,113.53878307,Plantae,Plantae,Tracheophyta,Magnoliopsida,Lamiales,Bignoniaceae,Tabebuia,Tabebuia rosea,
352463925,2026-04-24T00:00:00,2026-04-24T11:18:33,False,22.2060910518,113.5387354717,Plantae,Plantae,Tracheophyta,Magnoliopsida,Rosales,Urticaceae,Pilea,Pilea microphylla,
352463931,2026-04-24T00:00:00,2026-04-24T11:15:38,False,22.2060549543,113.5388631569,Plantae,Plantae,Tracheophyta,Magnoliopsida,Vitales,Vitaceae,Causonis,Causonis japonica,
352463939,2026-04-24T00:00:00,2026-04-24T11:18:05,False,22.2062484082,113.5388402549,Plantae,Plantae,Tracheophyta,Magnoliopsida,Vitales,Vitaceae,Causonis,Causonis japonica,
352463947,2026-04-24T00:00:00,2026-04-24T11:17:31,False,22.2059581918,113.5388178252,Plantae,Plantae,Tracheophyta,Magnoliopsida,Rosales,Moraceae,Ficus,Ficus tinctoria,
352463982,2026-04-24T00:00:00,2026-04-24T11:18:38,False,22.2064004458,113.5383916825,Animalia,Animalia,Arthropoda,Diplopoda,Polydesmida,Paradoxosomatidae,Orthomorpha,Orthomorpha coarctata,
352463984,2026-04-24T00:00:00,2026-04-24T11:10:19,False,22.205991,113.539122,Plantae,Plantae,Bryophyta,Bryopsida,Pottiales,Pottiaceae,Hyophila,Hyophila involuta,
352464033,2026-04-24T00:00:00,2026-04-24T11:19:02,False,22.2059831208,113.5388655439,Plantae,Plantae,Tracheophyta,Magnoliopsida,Rosales,Urticaceae,Pilea,Pilea microphylla,
352464043,2026-04-24T00:00:00,2026-04-24T11:18:53,False,22.2062127797,113.5385743099,Animalia,Animalia,Arthropoda,Diplopoda,Polydesmida,Paradoxosomatidae,Orthomorpha,Orthomorpha coarctata,
352464188,2026-04-24T00:00:00,2026-04-24T11:19:32,False,22.2055455,113.53860044,Animalia,Animalia,Arthropoda,Diplopoda,Polydesmida,Paradoxosomatidae,Orthomorpha,Orthomorpha coarctata,
352464197,2026-04-24T00:00:00,2026-04-24T11:18:10,False,22.2059272954,113.5383706424,Plantae,Plantae,Tracheophyta,Magnoliopsida,Caryophyllales,Caryophyllaceae,Drymaria,Drymaria cordata,
352464216,2026-04-24T00:00:00,2026-04-24T11:19:28,False,22.2062783967,113.5384113585,Plantae,Plantae,Tracheophyta,Magnoliopsida,Apiales,Araliaceae,Hydrocotyle,Hydrocotyle sibthorpioides,
352464260,2026-04-24T00:00:00,2026-04-24T11:19:06,False,22.20642305,113.53823753,Animalia,Animalia,Arthropoda,Diplopoda,Polydesmida,Paradoxosomatidae,Orthomorpha,Orthomorpha coarctata,
352464305,2026-04-24T00:00:00,2026-04-24T11:20:06,False,22.2062432533,113.538335329,Animalia,Animalia,Arthropoda,Diplopoda,Polydesmida,Paradoxosomatidae,Orthomorpha,Orthomorpha coarctata,
352464308,2026-04-24T00:00:00,2026-04-24T11:20:00,False,22.2056618672,113.5389965604,Plantae,Plantae,Tracheophyta,Magnoliopsida,Rosales,Moraceae,Fatoua,Fatoua villosa,
352464467,2026-04-24T00:00:00,2026-04-24T11:20:39,False,22.2062128602,113.5385586962,Plantae,Plantae,Tracheophyta,Magnoliopsida,Solanales,Convolvulaceae,Ipomoea,Ipomoea hederacea,
352464523,2026-04-24T00:00:00,2026-04-24T11:19:55,False,22.20586697,113.53819539,Animalia,Animalia,Arthropoda,Diplopoda,Polydesmida,Paradoxosomatidae,Orthomorpha,Orthomorpha coarctata,
352464600,2026-04-24T00:00:00,2026-04-24T11:21:13,False,22.20654658,113.5382288509,Plantae,Plantae,Tracheophyta,Magnoliopsida,Rosales,Moraceae,Ficus,Ficus pumila,
352464650,2026-04-24T00:00:00,2026-04-24T11:21:17,False,22.2059807764,113.5383326655,Plantae,Plantae,Tracheophyta,Magnoliopsida,Lamiales,Plantaginaceae,Plantago,Plantago asiatica,
352464732,2026-04-24T00:00:00,2026-04-24T11:19:58,False,22.2059714768,113.5381744802,Plantae,Plantae,Tracheophyta,Magnoliopsida,Caryophyllales,Caryophyllaceae,Polycarpon,Polycarpon tetraphyllum,
352464743,2026-04-24T00:00:00,2026-04-24T11:21:21,False,22.2064291742,113.5383221726,Plantae,Plantae,Tracheophyta,Magnoliopsida,Lamiales,Plantaginaceae,Plantago,Plantago asiatica,
352464747,2026-04-24T00:00:00,2026-04-24T11:20:06,False,22.2062383333,113.5384133333,Animalia,Animalia,Arthropoda,Diplopoda,Polydesmida,Paradoxosomatidae,Orthomorpha,Orthomorpha coarctata,
352464758,2026-04-24T00:00:00,2026-04-24T11:20:20,False,22.2062858783,113.5383611916,Animalia,Animalia,Arthropoda,Diplopoda,Polydesmida,Paradoxosomatidae,Chondromorpha,Chondromorpha xanthotricha,
352464846,2026-04-24T00:00:00,2026-04-24T11:21:28,False,22.2061737544,113.5385464533,Plantae,Plantae,Tracheophyta,Liliopsida,Asparagales,Hypoxidaceae,Curculigo,Curculigo orchioides,
352464858,2026-04-24T00:00:00,2026-04-24T11:22:01,False,22.2059270449,113.5386272641,Animalia,Animalia,Arthropoda,Diplopoda,Polydesmida,Paradoxosomatidae,Chondromorpha,Chondromorpha xanthotricha,
352464866,2026-04-24T00:00:00,2026-04-24T11:21:27,False,22.2060683333,113.53839,Plantae,Plantae,Tracheophyta,Magnoliopsida,Malpighiales,Phyllanthaceae,Phyllanthus,Phyllanthus niruri,
352464898,2026-04-24T00:00:00,2026-04-24T11:20:04,False,22.2062798849,113.5386345549,Plantae,Plantae,Tracheophyta,Magnoliopsida,Rosales,Moraceae,Ficus,Ficus rumphii,
