id,scientific_name,chinese_name,type,concern,observed_on,time_observed_at,latitude,longitude,area,light_gradient
352410606,Platydemus manokwari,新几内亚扁虫,入侵扁形动物,中,2026-04-24T00:00:00,2026-04-24T07:16:00,22.1992733333,113.5512433333,澳门半岛,高光区
352456787,Sphagneticola trilobata,南美蟛蜞菊,入侵植物,高,2026-04-24T00:00:00,2026-04-24T10:52:20,22.1238364,113.5521611,路环,相对低光区
352463281,Anoplolepis gracilipes,长足捷蚁,入侵昆虫,高,2026-04-24T00:00:00,2026-04-24T11:16:43,22.2059848912,113.5388401436,澳门半岛,高光区
352608602,Sphagneticola trilobata,南美蟛蜞菊,入侵植物,高,2026-04-24T00:00:00,2026-04-24T11:31:00,22.2037882611,113.5486734219,澳门半岛,高光区
352609165,Sphagneticola trilobata,南美蟛蜞菊,入侵植物,高,2026-04-24T00:00:00,2026-04-24T17:31:07,22.215975,113.5451733333,澳门半岛,高光区
352609264,Sphagneticola trilobata,南美蟛蜞菊,入侵植物,高,2026-04-24T00:00:00,2026-04-24T17:31:17,22.21596743,113.54513904,澳门半岛,高光区
352627260,Sphagneticola trilobata,南美蟛蜞菊,入侵植物,高,2026-04-24T00:00:00,2026-04-24T17:01:00,22.1531445,113.5594866667,氹仔,中高光区
352635487,Sphagneticola trilobata,南美蟛蜞菊,入侵植物,高,2026-04-24T00:00:00,2026-04-24T17:02:00,22.2041,113.5526366667,澳门半岛,高光区
352639542,Solenopsis invicta,红火蚁,入侵昆虫,高,2026-04-24T00:00:00,2026-04-24T17:34:00,22.1517888333,113.5586866667,氹仔,中高光区
352641601,Sphagneticola trilobata,南美蟛蜞菊,入侵植物,高,2026-04-24T00:00:00,2026-04-24T18:49:49,22.2075542646,113.5484219489,澳门半岛,高光区
352642039,Sphagneticola trilobata,南美蟛蜞菊,入侵植物,高,2026-04-24T00:00:00,2026-04-24T18:50:36,22.207887941,113.5490170612,澳门半岛,高光区
352655083,Sphagneticola trilobata,南美蟛蜞菊,入侵植物,高,2026-04-24T00:00:00,2026-04-24T11:48:42,22.1967633333,113.55027,澳门半岛,高光区
352704532,Sphagneticola trilobata,南美蟛蜞菊,入侵植物,高,2026-04-24T00:00:00,2026-04-24T14:40:55,22.2166,113.544905,澳门半岛,高光区
352707400,Eleutherodactylus planirostris,温室蟾,外来两栖类,中,2026-04-24T00:00:00,2026-04-24T16:29:22,22.2077,113.547745,澳门半岛,高光区
352725475,Sphagneticola trilobata,南美蟛蜞菊,入侵植物,高,2026-04-24T00:00:00,2026-04-24T14:40:55,22.2166,113.544905,澳门半岛,高光区
353132064,Sphagneticola trilobata,南美蟛蜞菊,入侵植物,高,2026-04-25T00:00:00,2026-04-25T07:43:18,22.13426,113.578232,路环,相对低光区
353139973,Anoplolepis gracilipes,长足捷蚁,入侵昆虫,高,2026-04-25T00:00:00,2026-04-25T07:57:39,22.134311,113.577888,路环,相对低光区
353155526,Sphagneticola trilobata,南美蟛蜞菊,入侵植物,高,2026-04-25T00:00:00,2026-04-25T08:25:04,22.2044972,113.5520576,澳门半岛,高光区
353192666,Sphagneticola trilobata,南美蟛蜞菊,入侵植物,高,2026-04-25T00:00:00,2026-04-25T09:37:50,22.1507285675,113.5588669685,氹仔,中高光区
353192692,Sphagneticola trilobata,南美蟛蜞菊,入侵植物,高,2026-04-25T00:00:00,2026-04-25T09:37:41,22.150725,113.5589316667,氹仔,中高光区
353192926,Sphagneticola trilobata,南美蟛蜞菊,入侵植物,高,2026-04-25T00:00:00,2026-04-25T09:38:26,22.1506250891,113.5587158027,氹仔,中高光区
353192937,Sphagneticola trilobata,南美蟛蜞菊,入侵植物,高,2026-04-25T00:00:00,2026-04-25T09:38:32,22.1505962907,113.5586918841,氹仔,中高光区
353193153,Sphagneticola trilobata,南美蟛蜞菊,入侵植物,高,2026-04-25T00:00:00,2026-04-25T09:38:41,22.1506256484,113.5586955927,氹仔,中高光区
353194804,Sphagneticola trilobata,南美蟛蜞菊,入侵植物,高,2026-04-25T00:00:00,2026-04-25T09:42:05,22.1555549,113.56199068,氹仔,中高光区
353195181,Sphagneticola trilobata,南美蟛蜞菊,入侵植物,高,2026-04-25T00:00:00,2026-04-25T09:40:15,22.200059682,113.5506619747,澳门半岛,高光区
353198014,Sphagneticola trilobata,南美蟛蜞菊,入侵植物,高,2026-04-25T00:00:00,2026-04-25T09:47:29,22.15080135,113.55888179,氹仔,中高光区
353198197,Sphagneticola trilobata,南美蟛蜞菊,入侵植物,高,2026-04-25T00:00:00,2026-04-25T09:47:44,22.1505648595,113.5586266473,氹仔,中高光区
353199146,Sphagneticola trilobata,南美蟛蜞菊,入侵植物,高,2026-04-25T00:00:00,2026-04-25T09:49:57,22.2000887809,113.5520155677,澳门半岛,高光区
353199320,Sphagneticola trilobata,南美蟛蜞菊,入侵植物,高,2026-04-25T00:00:00,2026-04-25T09:47:42,22.1505944444,113.5585083333,氹仔,中高光区
353199458,Sphagneticola trilobata,南美蟛蜞菊,入侵植物,高,2026-04-25T00:00:00,2026-04-25T09:50:28,22.1998135433,113.5508256239,澳门半岛,高光区
353199606,Sphagneticola trilobata,南美蟛蜞菊,入侵植物,高,2026-04-25T00:00:00,2026-04-25T09:50:38,22.1506770976,113.5588760113,氹仔,中高光区
353199792,Sphagneticola trilobata,南美蟛蜞菊,入侵植物,高,2026-04-25T00:00:00,2026-04-25T09:50:42,22.1507055173,113.5588458461,氹仔,中高光区
353200115,Sphagneticola trilobata,南美蟛蜞菊,入侵植物,高,2026-04-25T00:00:00,2026-04-25T09:51:17,22.1507110435,113.5588666494,氹仔,中高光区
353202622,Sphagneticola trilobata,南美蟛蜞菊,入侵植物,高,2026-04-25T00:00:00,2026-04-25T09:56:35,22.1506543167,113.558768914,氹仔,中高光区
353204434,Sphagneticola trilobata,南美蟛蜞菊,入侵植物,高,2026-04-25T00:00:00,2026-04-25T09:36:00,22.1505638333,113.5586466667,氹仔,中高光区
353205582,Sphagneticola trilobata,南美蟛蜞菊,入侵植物,高,2026-04-25T00:00:00,2026-04-25T10:01:08,22.1509895534,113.5588991613,氹仔,中高光区
353210724,Sphagneticola trilobata,南美蟛蜞菊,入侵植物,高,2026-04-25T00:00:00,2026-04-25T10:10:03,22.1532743514,113.5595287144,氹仔,中高光区
353211692,Eleutherodactylus planirostris,温室蟾,外来两栖类,中,2026-04-25T00:00:00,2026-04-25T10:11:05,22.1508138333,113.5588383333,氹仔,中高光区
353212061,Sphagneticola trilobata,南美蟛蜞菊,入侵植物,高,2026-04-25T00:00:00,2026-04-25T10:13:00,22.1531931321,113.5595837183,氹仔,中高光区
353212169,Sphagneticola trilobata,南美蟛蜞菊,入侵植物,高,2026-04-25T00:00:00,2026-04-25T10:11:52,22.152033,113.559273,氹仔,中高光区
353212231,Sphagneticola trilobata,南美蟛蜞菊,入侵植物,高,2026-04-25T00:00:00,2026-04-25T10:13:14,22.1533488957,113.5594856011,氹仔,中高光区
353212567,Sphagneticola trilobata,南美蟛蜞菊,入侵植物,高,2026-04-25T00:00:00,2026-04-25T09:40:08,22.1999854107,113.5503926216,澳门半岛,高光区
353214389,Sphagneticola trilobata,南美蟛蜞菊,入侵植物,高,2026-04-25T00:00:00,2026-04-25T10:14:41,22.1531721667,113.55957,氹仔,中高光区
353214442,Sphagneticola trilobata,南美蟛蜞菊,入侵植物,高,2026-04-25T00:00:00,2026-04-25T10:12:46,22.1531817,113.5595784,氹仔,中高光区
353219991,Platydemus manokwari,新几内亚扁虫,入侵扁形动物,中,2026-04-25T00:00:00,2026-04-25T10:27:26,22.1226645663,113.5531031724,路环,相对低光区
353220157,Platydemus manokwari,新几内亚扁虫,入侵扁形动物,中,2026-04-25T00:00:00,2026-04-25T10:24:58,22.1226416,113.55308232,路环,相对低光区
353220354,Sphagneticola trilobata,南美蟛蜞菊,入侵植物,高,2026-04-25T00:00:00,2026-04-25T10:17:32,22.1519353894,113.5590487122,氹仔,中高光区
353220361,Platydemus manokwari,新几内亚扁虫,入侵扁形动物,中,2026-04-25T00:00:00,2026-04-25T10:27:20,22.1323082356,113.5612545535,路氹城,中高光区
353220408,Sphagneticola trilobata,南美蟛蜞菊,入侵植物,高,2026-04-25T00:00:00,2026-04-25T10:21:38,22.1511361667,113.5626666667,氹仔,中高光区
353222141,Sphagneticola trilobata,南美蟛蜞菊,入侵植物,高,2026-04-25T00:00:00,2026-04-25T10:31:53,22.15064057,113.56096779,氹仔,中高光区
353222636,Sphagneticola trilobata,南美蟛蜞菊,入侵植物,高,2026-04-25T00:00:00,2026-04-25T09:56:00,22.1506833333,113.55887,氹仔,中高光区
353224550,Sphagneticola trilobata,南美蟛蜞菊,入侵植物,高,2026-04-25T00:00:00,2026-04-25T10:36:39,22.1207476228,113.5534652004,路环,相对低光区
353224729,Sphagneticola trilobata,南美蟛蜞菊,入侵植物,高,2026-04-25T00:00:00,2026-04-25T10:36:16,22.1238434,113.5521759,路环,相对低光区
353224988,Sphagneticola trilobata,南美蟛蜞菊,入侵植物,高,2026-04-25T00:00:00,2026-04-25T10:36:20,22.12076937,113.55339808,路环,相对低光区
353228611,Sphagneticola trilobata,南美蟛蜞菊,入侵植物,高,2026-04-25T00:00:00,2026-04-25T10:44:19,22.1505966357,113.5609940296,氹仔,中高光区
353229060,Sphagneticola trilobata,南美蟛蜞菊,入侵植物,高,2026-04-25T00:00:00,2026-04-25T10:03:11,22.1509736,113.5591462,氹仔,中高光区
353229513,Sphagneticola trilobata,南美蟛蜞菊,入侵植物,高,2026-04-25T00:00:00,2026-04-25T10:45:31,22.150346,113.561692,路氹城,中高光区
353241751,Sphagneticola trilobata,南美蟛蜞菊,入侵植物,高,2026-04-25T00:00:00,2026-04-25T11:08:29,22.15095458,113.56199879,氹仔,中高光区
353244650,Sphagneticola trilobata,南美蟛蜞菊,入侵植物,高,2026-04-25T00:00:00,2026-04-25T11:09:35,22.1501827239,113.5585250853,氹仔,中高光区
353246190,Sphagneticola trilobata,南美蟛蜞菊,入侵植物,高,2026-04-25T00:00:00,2026-04-25T11:09:53,22.1513361111,113.5588305556,氹仔,中高光区
353253000,Eleutherodactylus planirostris,温室蟾,外来两栖类,中,2026-04-25T00:00:00,2026-04-25T11:29:34,22.1517052425,113.5588998162,氹仔,中高光区
353254888,Eleutherodactylus planirostris,温室蟾,外来两栖类,中,2026-04-25T00:00:00,2026-04-25T11:32:13,22.1521788,113.5626953,氹仔,中高光区
353256163,Sphagneticola trilobata,南美蟛蜞菊,入侵植物,高,2026-04-25T00:00:00,2026-04-25T11:36:04,22.215951109,113.5443832186,澳门半岛,高光区
353256466,Sphagneticola trilobata,南美蟛蜞菊,入侵植物,高,2026-04-25T00:00:00,2026-04-25T11:35:36,22.2159881592,113.5445556639,澳门半岛,高光区
353256744,Sphagneticola trilobata,南美蟛蜞菊,入侵植物,高,2026-04-25T00:00:00,2026-04-25T11:35:41,22.2158714044,113.54432251,澳门半岛,高光区
353256787,Sphagneticola trilobata,南美蟛蜞菊,入侵植物,高,2026-04-25T00:00:00,2026-04-25T09:44:44,22.1515198985,113.559096683,氹仔,中高光区
353262405,Sphagneticola trilobata,南美蟛蜞菊,入侵植物,高,2026-04-25T00:00:00,2026-04-25T11:46:53,22.1619156547,113.5545500368,氹仔,中高光区
353271951,Platydemus manokwari,新几内亚扁虫,入侵扁形动物,中,2026-04-25T00:00:00,2026-04-25T10:27:16,22.1269345,113.5544997,路环,相对低光区
353273311,Sphagneticola trilobata,南美蟛蜞菊,入侵植物,高,2026-04-25T00:00:00,2026-04-25T10:36:20,22.119354,113.5518315,路环,相对低光区
353280941,Sphagneticola trilobata,南美蟛蜞菊,入侵植物,高,2026-04-25T00:00:00,2026-04-25T12:31:49,22.2158626119,113.5442421261,澳门半岛,高光区
353281763,Sphagneticola trilobata,南美蟛蜞菊,入侵植物,高,2026-04-25T00:00:00,2026-04-25T12:35:25,22.1510195,113.5588916667,氹仔,中高光区
353293435,Sphagneticola trilobata,南美蟛蜞菊,入侵植物,高,2026-04-25T00:00:00,2026-04-25T13:05:44,22.19738621,113.54232243,澳门半岛,高光区
353294001,Anoplolepis gracilipes,长足捷蚁,入侵昆虫,高,2026-04-25T00:00:00,2026-04-25T13:07:09,22.1252710887,113.5555596705,路环,相对低光区
353295786,Sphagneticola trilobata,南美蟛蜞菊,入侵植物,高,2026-04-25T00:00:00,2026-04-25T12:27:44,22.1968883333,113.54972,澳门半岛,高光区
353296553,Sphagneticola trilobata,南美蟛蜞菊,入侵植物,高,2026-04-25T00:00:00,2026-04-25T12:27:40,22.196995,113.5497283333,澳门半岛,高光区
353296714,Sphagneticola trilobata,南美蟛蜞菊,入侵植物,高,2026-04-25T00:00:00,2026-04-25T09:39:47,22.1507028333,113.5588616667,氹仔,中高光区
353303270,Sphagneticola trilobata,南美蟛蜞菊,入侵植物,高,2026-04-25T00:00:00,2026-04-25T09:49:15,22.1552085558,113.5631753504,氹仔,中高光区
353304506,Sphagneticola trilobata,南美蟛蜞菊,入侵植物,高,2026-04-25T00:00:00,2026-04-25T13:34:39,22.1997880563,113.5516878684,澳门半岛,高光区
353308009,Anoplolepis gracilipes,长足捷蚁,入侵昆虫,高,2026-04-25T00:00:00,2026-04-25T13:46:15,22.2095597984,113.5413813304,澳门半岛,高光区
353310032,Sphagneticola trilobata,南美蟛蜞菊,入侵植物,高,2026-04-25T00:00:00,2026-04-25T13:51:21,22.1537166667,113.5604116667,氹仔,中高光区
353315777,Sphagneticola trilobata,南美蟛蜞菊,入侵植物,高,2026-04-25T00:00:00,2026-04-25T14:08:42,22.1993295124,113.5516433605,澳门半岛,高光区
353315878,Sphagneticola trilobata,南美蟛蜞菊,入侵植物,高,2026-04-25T00:00:00,2026-04-25T14:08:46,22.1993464722,113.5518961531,澳门半岛,高光区
353316796,Anoplolepis gracilipes,长足捷蚁,入侵昆虫,高,2026-04-25T00:00:00,2026-04-25T14:11:34,22.2001437187,113.5513335074,澳门半岛,高光区
353322799,Sphagneticola trilobata,南美蟛蜞菊,入侵植物,高,2026-04-25T00:00:00,2026-04-25T11:06:36,22.2000770985,113.5513055049,澳门半岛,高光区
353330958,Anoplolepis gracilipes,长足捷蚁,入侵昆虫,高,2026-04-25T00:00:00,2026-04-25T14:52:26,22.12405643,113.57068621,路环,相对低光区
353336800,Sphagneticola trilobata,南美蟛蜞菊,入侵植物,高,2026-04-25T00:00:00,2026-04-25T15:10:02,22.1398912937,113.555026671,路氹城,中高光区
353339289,Sphagneticola trilobata,南美蟛蜞菊,入侵植物,高,2026-04-25T00:00:00,,22.2128748053,113.5403175652,澳门半岛,高光区
353344910,Sphagneticola trilobata,南美蟛蜞菊,入侵植物,高,2026-04-25T00:00:00,2026-04-25T14:34:04,22.1541452196,113.5602497153,氹仔,中高光区
353350558,Anoplolepis gracilipes,长足捷蚁,入侵昆虫,高,2026-04-25T00:00:00,2026-04-25T15:44:21,22.1504611967,113.5603408811,氹仔,中高光区
353350801,Sphagneticola trilobata,南美蟛蜞菊,入侵植物,高,2026-04-25T00:00:00,2026-04-25T15:40:36,22.1555555556,113.5619277778,氹仔,中高光区
353352250,Sphagneticola trilobata,南美蟛蜞菊,入侵植物,高,2026-04-25T00:00:00,,22.1586110942,113.5658333,氹仔,中高光区
353352603,Sphagneticola trilobata,南美蟛蜞菊,入侵植物,高,2026-04-25T00:00:00,2026-04-25T15:50:14,22.201877121,113.5522379726,澳门半岛,高光区
353355583,Sphagneticola trilobata,南美蟛蜞菊,入侵植物,高,2026-04-25T00:00:00,2026-04-25T15:57:53,22.20644378,113.54487609,澳门半岛,高光区
353356588,Anoplolepis gracilipes,长足捷蚁,入侵昆虫,高,2026-04-25T00:00:00,2026-04-25T16:00:28,22.1975616667,113.550155,澳门半岛,高光区
353356767,Solenopsis invicta,红火蚁,入侵昆虫,高,2026-04-25T00:00:00,2026-04-25T16:00:03,22.1975105927,113.5501641138,澳门半岛,高光区
353357805,Solenopsis invicta,红火蚁,入侵昆虫,高,2026-04-25T00:00:00,2026-04-25T16:01:08,22.1975776615,113.5502203637,澳门半岛,高光区
353358258,Sphagneticola trilobata,南美蟛蜞菊,入侵植物,高,2026-04-25T00:00:00,2026-04-25T15:45:24,22.163125,113.5607533333,氹仔,中高光区
353364749,Sphagneticola trilobata,南美蟛蜞菊,入侵植物,高,2026-04-25T00:00:00,2026-04-25T15:57:15,22.1254203172,113.5712402477,路环,相对低光区
353371567,Sphagneticola trilobata,南美蟛蜞菊,入侵植物,高,2026-04-25T00:00:00,2026-04-25T16:36:52,22.1996631622,113.5503768919,澳门半岛,高光区
353373908,Sphagneticola trilobata,南美蟛蜞菊,入侵植物,高,2026-04-25T00:00:00,2026-04-25T16:42:19,22.1536054255,113.5599645178,氹仔,中高光区
353374778,Sphagneticola trilobata,南美蟛蜞菊,入侵植物,高,2026-04-25T00:00:00,2026-04-25T16:41:58,22.1957674777,113.55250635,澳门半岛,高光区
353374873,Sphagneticola trilobata,南美蟛蜞菊,入侵植物,高,2026-04-25T00:00:00,2026-04-25T16:45:22,22.200825,113.5514966667,澳门半岛,高光区
353375263,Sphagneticola trilobata,南美蟛蜞菊,入侵植物,高,2026-04-25T00:00:00,2026-04-25T16:45:22,22.2004626498,113.5512327678,澳门半岛,高光区
353375751,Sphagneticola trilobata,南美蟛蜞菊,入侵植物,高,2026-04-25T00:00:00,2026-04-25T16:47:06,22.136896,113.55193772,路氹城,中高光区
353381018,Sphagneticola trilobata,南美蟛蜞菊,入侵植物,高,2026-04-25T00:00:00,2026-04-25T16:05:27,22.1946767963,113.542537718,澳门半岛,高光区
353400570,Sphagneticola trilobata,南美蟛蜞菊,入侵植物,高,2026-04-25T00:00:00,2026-04-25T15:57:36,22.20644378,113.54487609,澳门半岛,高光区
353404723,Sphagneticola trilobata,南美蟛蜞菊,入侵植物,高,2026-04-25T00:00:00,2026-04-25T17:51:03,22.2006979,113.5514002,澳门半岛,高光区
353416454,Sphagneticola trilobata,南美蟛蜞菊,入侵植物,高,2026-04-25T00:00:00,2026-04-25T18:14:43,22.2004729685,113.5513547823,澳门半岛,高光区
353449556,Eleutherodactylus planirostris,温室蟾,外来两栖类,中,2026-04-25T00:00:00,2026-04-25T19:30:06,22.1243500002,113.5713213209,路环,相对低光区
353449569,Eleutherodactylus planirostris,温室蟾,外来两栖类,中,2026-04-25T00:00:00,2026-04-25T19:29:37,22.12447328,113.57143467,路环,相对低光区
353449920,Eleutherodactylus planirostris,温室蟾,外来两栖类,中,2026-04-25T00:00:00,2026-04-25T19:29:51,22.1238861209,113.5710923328,路环,相对低光区
353450028,Eleutherodactylus planirostris,温室蟾,外来两栖类,中,2026-04-25T00:00:00,2026-04-25T19:30:42,22.12391,113.571105,路环,相对低光区
353450270,Eleutherodactylus planirostris,温室蟾,外来两栖类,中,2026-04-25T00:00:00,2026-04-25T19:31:36,22.1245115249,113.5714713554,路环,相对低光区
353451084,Eleutherodactylus planirostris,温室蟾,外来两栖类,中,2026-04-25T00:00:00,2026-04-25T19:31:07,22.1244695,113.571455,路环,相对低光区
353452629,Eleutherodactylus planirostris,温室蟾,外来两栖类,中,2026-04-25T00:00:00,2026-04-25T19:29:42,22.1243452833,113.5713079216,路环,相对低光区
353458114,Sphagneticola trilobata,南美蟛蜞菊,入侵植物,高,2026-04-25T00:00:00,2026-04-25T18:04:22,22.1997616667,113.55178,澳门半岛,高光区
353478253,Eleutherodactylus planirostris,温室蟾,外来两栖类,中,2026-04-25T00:00:00,2026-04-25T20:24:45,22.1266598483,113.5720346033,路环,相对低光区
353480368,Sphagneticola trilobata,南美蟛蜞菊,入侵植物,高,2026-04-25T00:00:00,2026-04-25T16:04:17,22.15089225,113.5587158056,氹仔,中高光区
353482026,Eleutherodactylus planirostris,温室蟾,外来两栖类,中,2026-04-25T00:00:00,2026-04-25T20:30:48,22.1223605,113.571176,路环,相对低光区
353482524,Eleutherodactylus planirostris,温室蟾,外来两栖类,中,2026-04-25T00:00:00,2026-04-25T20:30:51,22.1186705,113.568355,路环,相对低光区
353547035,Anoplolepis gracilipes,长足捷蚁,入侵昆虫,高,2026-04-25T00:00:00,2026-04-25T17:21:00,22.1244413608,113.5564757061,路环,相对低光区
353559738,Sphagneticola trilobata,南美蟛蜞菊,入侵植物,高,2026-04-25T00:00:00,2026-04-25T09:47:40,22.1524672848,113.5598164289,氹仔,中高光区
353566359,Platydemus manokwari,新几内亚扁虫,入侵扁形动物,中,2026-04-25T00:00:00,2026-04-25T22:32:54,22.215575,113.5448216667,澳门半岛,高光区
353566457,Platydemus manokwari,新几内亚扁虫,入侵扁形动物,中,2026-04-25T00:00:00,2026-04-25T22:32:59,22.21560215,113.54488313,澳门半岛,高光区
353605635,Sphagneticola trilobata,南美蟛蜞菊,入侵植物,高,2026-04-25T00:00:00,2026-04-25T16:37:26,22.196555,113.5494833333,澳门半岛,高光区
353634467,Sphagneticola trilobata,南美蟛蜞菊,入侵植物,高,2026-04-25T00:00:00,2026-04-25T09:38:30,22.1519306553,113.5608941317,氹仔,中高光区
353641364,Sphagneticola trilobata,南美蟛蜞菊,入侵植物,高,2026-04-25T00:00:00,2026-04-25T13:59:57,22.1958277815,113.5494040016,澳门半岛,高光区
353648823,Sphagneticola trilobata,南美蟛蜞菊,入侵植物,高,2026-04-24T00:00:00,2026-04-24T10:52:36,22.1206333333,113.5535366667,路环,相对低光区
353660789,Sphagneticola trilobata,南美蟛蜞菊,入侵植物,高,2026-04-25T00:00:00,2026-04-25T09:52:02,22.1555721667,113.5620283333,氹仔,中高光区
353691148,Sphagneticola trilobata,南美蟛蜞菊,入侵植物,高,2026-04-25T00:00:00,2026-04-25T10:54:41,22.1519306553,113.5608941317,氹仔,中高光区
353700990,Eleutherodactylus planirostris,温室蟾,外来两栖类,中,2026-04-25T00:00:00,2026-04-25T19:30:57,22.1243607918,113.5714099593,路环,相对低光区
353703080,Sphagneticola trilobata,南美蟛蜞菊,入侵植物,高,2026-04-25T00:00:00,2026-04-25T16:53:46,22.1592686208,113.5724218758,氹仔,中高光区
353729106,Anoplolepis gracilipes,长足捷蚁,入侵昆虫,高,2026-04-25T00:00:00,2026-04-25T23:36:17,22.1174777778,113.5675305556,路环,相对低光区
354016244,Sphagneticola trilobata,南美蟛蜞菊,入侵植物,高,2026-04-26T00:00:00,2026-04-26T09:00:30,22.199624,113.550466,澳门半岛,高光区
354017230,Sphagneticola trilobata,南美蟛蜞菊,入侵植物,高,2026-04-25T00:00:00,2026-04-25T16:37:26,22.2037580164,113.5416000168,澳门半岛,高光区
354026227,Sphagneticola trilobata,南美蟛蜞菊,入侵植物,高,2026-04-26T00:00:00,2026-04-26T09:19:01,22.1949417331,113.549695346,澳门半岛,高光区
354027689,Sphagneticola trilobata,南美蟛蜞菊,入侵植物,高,2026-04-26T00:00:00,2026-04-26T09:21:42,22.1592229301,113.5702943562,氹仔,中高光区
354028019,Anoplolepis gracilipes,长足捷蚁,入侵昆虫,高,2026-04-26T00:00:00,2026-04-26T09:22:19,22.1327480932,113.577383155,路环,相对低光区
354033138,Sphagneticola trilobata,南美蟛蜞菊,入侵植物,高,2026-04-26T00:00:00,,22.13272,113.57797,路环,相对低光区
354033457,Sphagneticola trilobata,南美蟛蜞菊,入侵植物,高,2026-04-26T00:00:00,2026-04-26T09:32:05,22.1318980543,113.5774667922,路环,相对低光区
354060170,Sphagneticola trilobata,南美蟛蜞菊,入侵植物,高,2026-04-26T00:00:00,2026-04-26T10:24:12,22.1992455311,113.5515340387,澳门半岛,高光区
354066111,Sphagneticola trilobata,南美蟛蜞菊,入侵植物,高,2026-04-26T00:00:00,2026-04-26T08:19:17,22.199356,113.551552,澳门半岛,高光区
354068275,Sphagneticola trilobata,南美蟛蜞菊,入侵植物,高,2026-04-25T00:00:00,2026-04-25T09:58:00,22.1404666667,113.5574333333,路氹城,中高光区
354092151,Sphagneticola trilobata,南美蟛蜞菊,入侵植物,高,2026-04-26T00:00:00,2026-04-26T11:16:32,22.1622547405,113.5472066055,氹仔,中高光区
354093166,Sphagneticola trilobata,南美蟛蜞菊,入侵植物,高,2026-04-26T00:00:00,2026-04-26T11:28:18,22.1340720654,113.5764607201,路环,相对低光区
354102360,Sphagneticola trilobata,南美蟛蜞菊,入侵植物,高,2026-04-26T00:00:00,2026-04-26T11:48:32,22.1340332434,113.5772457196,路环,相对低光区
354104082,Sphagneticola trilobata,南美蟛蜞菊,入侵植物,高,2026-04-26T00:00:00,2026-04-26T11:08:32,22.1211012866,113.5613398979,路环,相对低光区
354111234,Sphagneticola trilobata,南美蟛蜞菊,入侵植物,高,2026-04-25T00:00:00,2026-04-25T16:45:05,22.1594861667,113.55407,氹仔,中高光区
354115161,Sphagneticola trilobata,南美蟛蜞菊,入侵植物,高,2026-04-26T00:00:00,2026-04-26T11:56:18,22.1953641676,113.5559963157,澳门半岛,高光区
354115390,Sphagneticola trilobata,南美蟛蜞菊,入侵植物,高,2026-04-26T00:00:00,2026-04-26T11:13:00,22.1534447336,113.55998584,氹仔,中高光区
354121331,Sphagneticola trilobata,南美蟛蜞菊,入侵植物,高,2026-04-26T00:00:00,2026-04-26T11:16:17,22.1623938415,113.5472327654,氹仔,中高光区
354122616,Sphagneticola trilobata,南美蟛蜞菊,入侵植物,高,2026-04-26T00:00:00,2026-04-26T09:30:43,22.163424038,113.549199207,氹仔,中高光区
354126196,Solenopsis invicta,红火蚁,入侵昆虫,高,2026-04-26T00:00:00,2026-04-26T12:42:05,22.1182618,113.5519961,路环,相对低光区
354126205,Solenopsis invicta,红火蚁,入侵昆虫,高,2026-04-26T00:00:00,2026-04-26T12:41:47,22.1182390756,113.5518798928,路环,相对低光区
354150452,Sphagneticola trilobata,南美蟛蜞菊,入侵植物,高,2026-04-26T00:00:00,2026-04-26T11:02:49,22.1981218621,113.5521496632,澳门半岛,高光区
354152118,Sphagneticola trilobata,南美蟛蜞菊,入侵植物,高,2026-04-26T00:00:00,2026-04-26T13:20:07,22.1344548754,113.552128609,路氹城,中高光区
354164686,Anoplolepis gracilipes,长足捷蚁,入侵昆虫,高,2026-04-26T00:00:00,2026-04-26T14:23:02,22.12314498,113.5638889236,路环,相对低光区
354164823,Anoplolepis gracilipes,长足捷蚁,入侵昆虫,高,2026-04-26T00:00:00,2026-04-26T14:23:01,22.12315003,113.56388187,路环,相对低光区
354165634,Sphagneticola trilobata,南美蟛蜞菊,入侵植物,高,2026-04-26T00:00:00,2026-04-26T12:43:34,22.151901,113.573898,路氹城,中高光区
354168913,Sphagneticola trilobata,南美蟛蜞菊,入侵植物,高,2026-04-26T00:00:00,2026-04-26T14:35:06,22.19953554,113.55146555,澳门半岛,高光区
354171202,Eleutherodactylus planirostris,温室蟾,外来两栖类,中,2026-04-25T00:00:00,2026-04-25T19:29:05,22.1243916667,113.5714333333,路环,相对低光区
354174604,Sphagneticola trilobata,南美蟛蜞菊,入侵植物,高,2026-04-26T00:00:00,2026-04-26T09:51:07,22.1587166667,113.5724033333,氹仔,中高光区
354175701,Sphagneticola trilobata,南美蟛蜞菊,入侵植物,高,2026-04-26T00:00:00,2026-04-26T09:55:59,22.159225,113.5706166667,氹仔,中高光区
354177344,Anoplolepis gracilipes,长足捷蚁,入侵昆虫,高,2026-04-26T00:00:00,2026-04-26T12:12:17,22.1599638333,113.5636283333,氹仔,中高光区
354179086,Anoplolepis gracilipes,长足捷蚁,入侵昆虫,高,2026-04-26T00:00:00,2026-04-26T12:09:54,22.159354,113.56201,氹仔,中高光区
354180599,Sphagneticola trilobata,南美蟛蜞菊,入侵植物,高,2026-04-26T00:00:00,2026-04-26T15:08:28,22.124806052,113.5703130435,路环,相对低光区
354181070,Sphagneticola trilobata,南美蟛蜞菊,入侵植物,高,2026-04-26T00:00:00,2026-04-26T12:47:39,22.1591138333,113.56775,氹仔,中高光区
354185003,Sphagneticola trilobata,南美蟛蜞菊,入侵植物,高,2026-04-26T00:00:00,2026-04-26T15:19:44,22.215035,113.545033,澳门半岛,高光区
354192489,Sphagneticola trilobata,南美蟛蜞菊,入侵植物,高,2026-04-26T00:00:00,2026-04-26T15:41:53,22.1996086417,113.5513691884,澳门半岛,高光区
354195631,Sphagneticola trilobata,南美蟛蜞菊,入侵植物,高,2026-04-26T00:00:00,2026-04-26T15:50:40,22.19902294,113.5529126,澳门半岛,高光区
354198918,Sphagneticola trilobata,南美蟛蜞菊,入侵植物,高,2026-04-26T00:00:00,2026-04-26T15:58:48,22.1285466667,113.5740216667,路环,相对低光区
354198978,Sphagneticola trilobata,南美蟛蜞菊,入侵植物,高,2026-04-26T00:00:00,2026-04-26T15:58:51,22.1285205609,113.5739532106,路环,相对低光区
354226473,Sphagneticola trilobata,南美蟛蜞菊,入侵植物,高,2026-04-26T00:00:00,2026-04-26T13:34:00,22.1958916667,113.5494388889,澳门半岛,高光区
354233651,Sphagneticola trilobata,南美蟛蜞菊,入侵植物,高,2026-04-26T00:00:00,2026-04-26T17:07:20,22.1183916667,113.5561616667,路环,相对低光区
354236602,Anoplolepis gracilipes,长足捷蚁,入侵昆虫,高,2026-04-25T00:00:00,,22.1242197833,113.5712048784,路环,相对低光区
354239698,Sphagneticola trilobata,南美蟛蜞菊,入侵植物,高,2026-04-26T00:00:00,2026-04-26T11:16:31,22.1622555,113.547205,氹仔,中高光区
354255239,Sphagneticola trilobata,南美蟛蜞菊,入侵植物,高,2026-04-26T00:00:00,2026-04-26T18:05:55,22.1900160447,113.54767461,澳门半岛,高光区
354264512,Sphagneticola trilobata,南美蟛蜞菊,入侵植物,高,2026-04-26T00:00:00,2026-04-26T16:36:41,22.2004795363,113.5513275522,澳门半岛,高光区
354264928,Sphagneticola trilobata,南美蟛蜞菊,入侵植物,高,2026-04-26T00:00:00,2026-04-26T16:38:42,22.2007204654,113.5513957373,澳门半岛,高光区
354279476,Sphagneticola trilobata,南美蟛蜞菊,入侵植物,高,2026-04-26T00:00:00,2026-04-26T16:35:14,22.2067753495,113.5488530759,澳门半岛,高光区
354279482,Sphagneticola trilobata,南美蟛蜞菊,入侵植物,高,2026-04-26T00:00:00,2026-04-26T16:35:02,22.2065383139,113.5487803215,澳门半岛,高光区
354287902,Eleutherodactylus planirostris,温室蟾,外来两栖类,中,2026-04-26T00:00:00,2026-04-26T19:16:34,22.1540128,113.5604654,氹仔,中高光区
354295926,Eleutherodactylus planirostris,温室蟾,外来两栖类,中,2026-04-26T00:00:00,2026-04-26T19:33:00,22.124345107,113.5715911345,路环,相对低光区
354295929,Eleutherodactylus planirostris,温室蟾,外来两栖类,中,2026-04-26T00:00:00,2026-04-26T19:32:57,22.1243269785,113.5715921252,路环,相对低光区
354295982,Eleutherodactylus planirostris,温室蟾,外来两栖类,中,2026-04-26T00:00:00,2026-04-26T19:33:07,22.1243649675,113.5715962296,路环,相对低光区
354296205,Eleutherodactylus planirostris,温室蟾,外来两栖类,中,2026-04-26T00:00:00,2026-04-26T19:33:02,22.1241537,113.5711282,路环,相对低光区
354296481,Eleutherodactylus planirostris,温室蟾,外来两栖类,中,2026-04-26T00:00:00,2026-04-26T19:34:05,22.1243643807,113.5715598521,路环,相对低光区
354296487,Eleutherodactylus planirostris,温室蟾,外来两栖类,中,2026-04-26T00:00:00,2026-04-26T19:34:05,22.1243564988,113.5716060481,路环,相对低光区
354296568,Eleutherodactylus planirostris,温室蟾,外来两栖类,中,2026-04-26T00:00:00,2026-04-26T19:34:18,22.1220056733,113.5697151294,路环,相对低光区
354301072,Sphagneticola trilobata,南美蟛蜞菊,入侵植物,高,2026-04-26T00:00:00,2026-04-26T16:03:39,22.1967916667,113.5495083333,澳门半岛,高光区
354328771,Eleutherodactylus planirostris,温室蟾,外来两栖类,中,2026-04-26T00:00:00,2026-04-26T20:34:35,22.1261594399,113.5713562159,路环,相对低光区
354340770,Sphagneticola trilobata,南美蟛蜞菊,入侵植物,高,2026-04-26T00:00:00,2026-04-26T14:27:43,22.1588195,113.5694416667,氹仔,中高光区
354348066,Sphagneticola trilobata,南美蟛蜞菊,入侵植物,高,2026-04-25T00:00:00,2026-04-25T16:53:42,22.1594752619,113.5717517575,氹仔,中高光区
354373644,Anoplolepis gracilipes,长足捷蚁,入侵昆虫,高,2026-04-26T00:00:00,2026-04-26T15:39:35,22.1332278333,113.5677333333,路环,相对低光区
354374488,Sphagneticola trilobata,南美蟛蜞菊,入侵植物,高,2026-04-26T00:00:00,2026-04-26T15:44:15,22.134225,113.567795,路环,相对低光区
354379124,Anoplolepis gracilipes,长足捷蚁,入侵昆虫,高,2026-04-26T00:00:00,2026-04-26T16:00:29,22.1353638333,113.5680383333,路氹城,中高光区
354382680,Sphagneticola trilobata,南美蟛蜞菊,入侵植物,高,2026-04-26T00:00:00,2026-04-26T11:10:14,22.1532888333,113.5595466667,氹仔,中高光区
354386144,Sphagneticola trilobata,南美蟛蜞菊,入侵植物,高,2026-04-26T00:00:00,2026-04-26T14:46:49,22.2166283333,113.5456716667,澳门半岛,高光区
354416243,Sphagneticola trilobata,南美蟛蜞菊,入侵植物,高,2026-04-26T00:00:00,2026-04-26T13:18:50,22.1560833333,113.5599444444,氹仔,中高光区
354417139,Sphagneticola trilobata,南美蟛蜞菊,入侵植物,高,2026-04-25T00:00:00,2026-04-25T15:54:00,22.20321,113.5518,澳门半岛,高光区
354431278,Sphagneticola trilobata,南美蟛蜞菊,入侵植物,高,2026-04-26T00:00:00,2026-04-26T09:23:37,22.2004749011,113.54792241,澳门半岛,高光区
354495553,Sphagneticola trilobata,南美蟛蜞菊,入侵植物,高,2026-04-26T00:00:00,,22.1519306553,113.5608941317,氹仔,中高光区
354525682,Sphagneticola trilobata,南美蟛蜞菊,入侵植物,高,2026-04-25T00:00:00,2026-04-25T16:49:49,22.1528320199,113.5596284421,氹仔,中高光区
354851448,Sphagneticola trilobata,南美蟛蜞菊,入侵植物,高,2026-04-24T00:00:00,2026-04-24T11:51:53,22.1970716667,113.5498883333,澳门半岛,高光区
354864929,Sphagneticola trilobata,南美蟛蜞菊,入侵植物,高,2026-04-27T00:00:00,2026-04-27T07:53:28,22.1984283333,113.55613,澳门半岛,高光区
354955305,Sphagneticola trilobata,南美蟛蜞菊,入侵植物,高,2026-04-27T00:00:00,2026-04-27T10:17:18,22.1336775286,113.5776696283,路环,相对低光区
354957930,Sphagneticola trilobata,南美蟛蜞菊,入侵植物,高,2026-04-27T00:00:00,2026-04-27T10:22:09,22.1341696763,113.578123162,路环,相对低光区
354965979,Sphagneticola trilobata,南美蟛蜞菊,入侵植物,高,2026-04-25T00:00:00,2026-04-25T06:45:58,22.1997466667,113.5521616667,澳门半岛,高光区
355039870,Anoplolepis gracilipes,长足捷蚁,入侵昆虫,高,2026-04-26T00:00:00,2026-04-26T16:01:29,22.122584243,113.5653206373,路环,相对低光区
355052454,Anoplolepis gracilipes,长足捷蚁,入侵昆虫,高,2026-04-26T00:00:00,2026-04-26T20:45:23,22.1259628013,113.5591111332,路环,相对低光区
355060789,Anoplolepis gracilipes,长足捷蚁,入侵昆虫,高,2026-04-27T00:00:00,2026-04-27T13:29:00,22.1264956915,113.5582557362,路环,相对低光区
355076612,Anoplolepis gracilipes,长足捷蚁,入侵昆虫,高,2026-04-27T00:00:00,2026-04-27T14:13:58,22.1879204956,113.5517064573,澳门半岛,高光区
355095033,Sphagneticola trilobata,南美蟛蜞菊,入侵植物,高,2026-04-27T00:00:00,2026-04-27T13:17:59,22.135125,113.5763633333,路环,相对低光区
355119863,Sphagneticola trilobata,南美蟛蜞菊,入侵植物,高,2026-04-27T00:00:00,2026-04-27T15:56:25,22.1191902685,113.5697693764,路环,相对低光区
355132660,Sphagneticola trilobata,南美蟛蜞菊,入侵植物,高,2026-04-26T00:00:00,2026-04-26T14:27:27,22.1588440915,113.5672744364,氹仔,中高光区
355157902,Sphagneticola trilobata,南美蟛蜞菊,入侵植物,高,2026-04-27T00:00:00,2026-04-27T17:04:15,22.1266358173,113.5579495778,路环,相对低光区
355170794,Sphagneticola trilobata,南美蟛蜞菊,入侵植物,高,2026-04-26T00:00:00,2026-04-26T14:22:01,22.1249477612,113.5561762099,路环,相对低光区
355170865,Sphagneticola trilobata,南美蟛蜞菊,入侵植物,高,2026-04-26T00:00:00,2026-04-26T17:22:10,22.2011638889,113.5514583333,澳门半岛,高光区
355172946,Sphagneticola trilobata,南美蟛蜞菊,入侵植物,高,2026-04-27T00:00:00,2026-04-27T17:31:46,22.2083895129,113.5512486909,澳门半岛,高光区
355173472,Sphagneticola trilobata,南美蟛蜞菊,入侵植物,高,2026-04-27T00:00:00,2026-04-27T17:31:30,22.2167127903,113.5455607498,澳门半岛,高光区
355175938,Sphagneticola trilobata,南美蟛蜞菊,入侵植物,高,2026-04-27T00:00:00,2026-04-27T17:23:29,22.1959273558,113.5494094402,澳门半岛,高光区
355189531,Sphagneticola trilobata,南美蟛蜞菊,入侵植物,高,2026-04-27T00:00:00,2026-04-27T18:03:50,22.2167028627,113.5467209202,澳门半岛,高光区
355189563,Sphagneticola trilobata,南美蟛蜞菊,入侵植物,高,2026-04-27T00:00:00,2026-04-27T18:03:38,22.216439,113.546752,澳门半岛,高光区
355195148,Sphagneticola trilobata,南美蟛蜞菊,入侵植物,高,2026-04-27T00:00:00,2026-04-27T17:37:51,22.1965879483,113.5509434108,澳门半岛,高光区
355197021,Sphagneticola trilobata,南美蟛蜞菊,入侵植物,高,2026-04-27T00:00:00,2026-04-27T17:50:19,22.1247721667,113.5704416667,路环,相对低光区
355197849,Sphagneticola trilobata,南美蟛蜞菊,入侵植物,高,2026-04-27T00:00:00,2026-04-27T17:36:38,22.1999321653,113.5502146212,澳门半岛,高光区
355213824,Sphagneticola trilobata,南美蟛蜞菊,入侵植物,高,2026-04-27T00:00:00,2026-04-27T18:07:07,22.1963888208,113.5497220606,澳门半岛,高光区
355230234,Eleutherodactylus planirostris,温室蟾,外来两栖类,中,2026-04-27T00:00:00,2026-04-27T19:23:53,22.1951,113.5494083333,澳门半岛,高光区
355231146,Sphagneticola trilobata,南美蟛蜞菊,入侵植物,高,2026-04-26T00:00:00,2026-04-26T11:28:17,22.1340833333,113.5764583333,路环,相对低光区
355237879,Solenopsis invicta,红火蚁,入侵昆虫,高,2026-04-27T00:00:00,2026-04-27T18:36:23,22.1641777778,113.5403111111,氹仔,中高光区
355251071,Sphagneticola trilobata,南美蟛蜞菊,入侵植物,高,2026-04-27T00:00:00,2026-04-27T17:33:55,22.2040951118,113.5526809505,澳门半岛,高光区
355257705,Solenopsis invicta,红火蚁,入侵昆虫,高,2026-04-27T00:00:00,2026-04-27T13:23:34,22.2164928147,113.5441666284,澳门半岛,高光区
355284523,Sphagneticola trilobata,南美蟛蜞菊,入侵植物,高,2026-04-27T00:00:00,2026-04-27T17:42:17,22.1631234405,113.5515796213,氹仔,中高光区
355287861,Sphagneticola trilobata,南美蟛蜞菊,入侵植物,高,2026-04-27T00:00:00,2026-04-27T17:45:53,22.2165412903,113.5436096189,澳门半岛,高光区
355303306,Sphagneticola trilobata,南美蟛蜞菊,入侵植物,高,2026-04-27T00:00:00,2026-04-27T18:54:58,22.1990418269,113.5513276188,澳门半岛,高光区
355335932,Sphagneticola trilobata,南美蟛蜞菊,入侵植物,高,2026-04-27T00:00:00,2026-04-27T17:06:08,22.1950864873,113.5492653318,澳门半岛,高光区
355356014,Sphagneticola trilobata,南美蟛蜞菊,入侵植物,高,2026-04-26T00:00:00,2026-04-26T09:31:09,22.1634611667,113.5491466667,氹仔,中高光区
355365060,Anoplolepis gracilipes,长足捷蚁,入侵昆虫,高,2026-04-25T00:00:00,2026-04-25T16:04:24,22.1258314234,113.5556383431,路环,相对低光区
355395394,Anoplolepis gracilipes,长足捷蚁,入侵昆虫,高,2026-04-27T00:00:00,2026-04-27T22:51:57,22.130472401,113.5469122533,横琴澳大校区,补充样本
355435076,Sphagneticola trilobata,南美蟛蜞菊,入侵植物,高,2026-04-26T00:00:00,2026-04-26T08:19:20,22.197382629,113.5508738595,澳门半岛,高光区
355454131,Sphagneticola trilobata,南美蟛蜞菊,入侵植物,高,2026-04-27T00:00:00,2026-04-27T10:00:00,22.1341242137,113.5767538267,路环,相对低光区
356047360,Sphagneticola trilobata,南美蟛蜞菊,入侵植物,高,2026-04-26T00:00:00,2026-04-26T14:46:10,22.1962966667,113.5495916667,澳门半岛,高光区
356552200,Sphagneticola trilobata,南美蟛蜞菊,入侵植物,高,2026-04-25T00:00:00,2026-04-25T15:12:54,22.1523818525,113.5591838881,氹仔,中高光区
356786441,Sphagneticola trilobata,南美蟛蜞菊,入侵植物,高,2026-04-25T00:00:00,2026-04-25T03:00:00,22.1974255675,113.5501865753,澳门半岛,高光区
357394506,Anoplolepis gracilipes,长足捷蚁,入侵昆虫,高,2026-04-24T00:00:00,2026-04-24T01:37:00,22.1237919326,113.5640067765,路环,相对低光区
357462118,Sphagneticola trilobata,南美蟛蜞菊,入侵植物,高,2026-04-24T00:00:00,2026-04-24T17:32:00,22.1997333333,113.5515833333,澳门半岛,高光区
358018623,Eleutherodactylus planirostris,温室蟾,外来两栖类,中,2026-04-25T00:00:00,2026-04-25T21:18:00,22.1221207467,113.5569575119,路环,相对低光区
358023167,Anoplolepis gracilipes,长足捷蚁,入侵昆虫,高,2026-04-25T00:00:00,2026-04-25T23:46:00,22.1238694055,113.5656669312,路环,相对低光区
358170264,Anoplolepis gracilipes,长足捷蚁,入侵昆虫,高,2026-04-27T00:00:00,2026-04-27T11:27:04,22.1337833333,113.57785,路环,相对低光区
358631019,Sphagneticola trilobata,南美蟛蜞菊,入侵植物,高,2026-04-26T00:00:00,2026-04-26T15:53:20,22.2045466667,113.5519716667,澳门半岛,高光区
360186946,Sphagneticola trilobata,南美蟛蜞菊,入侵植物,高,2026-04-26T00:00:00,2026-04-26T09:30:53,22.1634445,113.5491416667,氹仔,中高光区
